,ProteinID,PeptideSequence,Peptide_Start,Peptide_End,Proteinlength,ProteinSequence,ModifiedSequence,ModifiedLocation,ModifiedAA,ModifiedLocationNum,ModifiedType,5min,20min,60min
6534,P00350,VAASKVLSGPQAQPAGDK,297,314,468,MSKQQIGVVGMAVMGRNLALNIESRGYTVSIFNRSREKTEEVIAENPGKKLVPYYTVKEFVESLETPRRILLMVKAGAGTDAAIDSLKPYLDKGDIIIDGGNTFFQDTIRRNRELSAEGFNFIGTGVSGGEEGALKGPSIMPGGQKEAYELVAPILTKIAAVAEDGEPCVTYIGADGAGHYVKMVHNGIEYGDMQLIAEAYSLLKGGLNLTNEELAQTFTEWNNGELSSYLIDITKDIFTKKDEDGNYLVDVILDEAANKGTGKWTSQSALDLGEPLSLITESVFARYISSLKDQRVAASKVLSGPQAQPAGDKAEFIEKVRRALYLGKIVSYAQGFSQLRAASEEYNWDLNYGEIAKIFRAGCIIRAQFLQKITDAYAENPQIANLLLAPYFKQIADDYQQALRDVVAYAVQNGIPVPTFSAAVAYYDSYRAAVLPANLIQAQRDYFGAHTYKRIDKEGVFHTEWLD,VAASK[NHS-OH]VLSGPQAQPAGDK,K301,K,301,NHS-OH,10.09779453,42.04680634,32.03896713
6535,P00350,IAAVAEDGEPCVTYIGADGAGHYVK,159,183,468,MSKQQIGVVGMAVMGRNLALNIESRGYTVSIFNRSREKTEEVIAENPGKKLVPYYTVKEFVESLETPRRILLMVKAGAGTDAAIDSLKPYLDKGDIIIDGGNTFFQDTIRRNRELSAEGFNFIGTGVSGGEEGALKGPSIMPGGQKEAYELVAPILTKIAAVAEDGEPCVTYIGADGAGHYVKMVHNGIEYGDMQLIAEAYSLLKGGLNLTNEELAQTFTEWNNGELSSYLIDITKDIFTKKDEDGNYLVDVILDEAANKGTGKWTSQSALDLGEPLSLITESVFARYISSLKDQRVAASKVLSGPQAQPAGDKAEFIEKVRRALYLGKIVSYAQGFSQLRAASEEYNWDLNYGEIAKIFRAGCIIRAQFLQKITDAYAENPQIANLLLAPYFKQIADDYQQALRDVVAYAVQNGIPVPTFSAAVAYYDSYRAAVLPANLIQAQRDYFGAHTYKRIDKEGVFHTEWLD,IAAVAEDGEPC[Carbamidomethyl (C)]VTYIGADGAGHYVK,C169,C,169,Carbamidomethyl (C),199.7371979,317.5740967,215.2531738
6536,P00363,AAIAAAQANPNAKIALISK,20,38,602,MQTFQADLAIVGAGGAGLRAAIAAAQANPNAKIALISKVYPMRSHTVAAEGGSAAVAQDHDSFEYHFHDTVAGGDWLCEQDVVDYFVHHCPTEMTQLELWGCPWSRRPDGSVNVRRFGGMKIERTWFAADKTGFHMLHTLFQTSLQFPQIQRFDEHFVLDILVDDGHVRGLVAMNMMEGTLVQIRANAVVMATGGAGRVYRYNTNGGIVTGDGMGMALSHGVPLRDMEFVQYHPTGLPGSGILMTEGCRGEGGILVNKNGYRYLQDYGMGPETPLGEPKNKYMELGPRDKVSQAFWHEWRKGNTISTPRGDVVYLDLRHLGEKKLHERLPFICELAKAYVGVDPVKEPIPVRPTAHYTMGGIETDQNCETRIKGLFAVGECSSVGLHGANRLGSNSLAELVVFGRLAGEQATERAATAGNGNEAAIEAQAAGVEQRLKDLVNQDGGENWAKIRDEMGLAMEEGCGIYRTPELMQKTIDKLAELQERFKRVRITDTSSVFNTDLLYTIELGHGLNVAECMAHSAMARKESRGAHQRLDEGCTERDDVNFLKHTLAFRDADGTTRLEYSDVKITTLPPAKRVYGGEADAADKAEAANKKEKANG,AAIAAAQANPNAK[NHS-OH]IALISK,K32,K,32,NHS-OH,5.593113899,4.614741325,17.73712158
6537,P00363,LPFICELAK,329,337,602,MQTFQADLAIVGAGGAGLRAAIAAAQANPNAKIALISKVYPMRSHTVAAEGGSAAVAQDHDSFEYHFHDTVAGGDWLCEQDVVDYFVHHCPTEMTQLELWGCPWSRRPDGSVNVRRFGGMKIERTWFAADKTGFHMLHTLFQTSLQFPQIQRFDEHFVLDILVDDGHVRGLVAMNMMEGTLVQIRANAVVMATGGAGRVYRYNTNGGIVTGDGMGMALSHGVPLRDMEFVQYHPTGLPGSGILMTEGCRGEGGILVNKNGYRYLQDYGMGPETPLGEPKNKYMELGPRDKVSQAFWHEWRKGNTISTPRGDVVYLDLRHLGEKKLHERLPFICELAKAYVGVDPVKEPIPVRPTAHYTMGGIETDQNCETRIKGLFAVGECSSVGLHGANRLGSNSLAELVVFGRLAGEQATERAATAGNGNEAAIEAQAAGVEQRLKDLVNQDGGENWAKIRDEMGLAMEEGCGIYRTPELMQKTIDKLAELQERFKRVRITDTSSVFNTDLLYTIELGHGLNVAECMAHSAMARKESRGAHQRLDEGCTERDDVNFLKHTLAFRDADGTTRLEYSDVKITTLPPAKRVYGGEADAADKAEAANKKEKANG,LPFIC[Carbamidomethyl (C)]ELAK,C333,C,333,Carbamidomethyl (C),817.7741699,913.7653198,742.8614502
6538,P00363,GLFAVGECSSVGLHGANR,374,391,602,MQTFQADLAIVGAGGAGLRAAIAAAQANPNAKIALISKVYPMRSHTVAAEGGSAAVAQDHDSFEYHFHDTVAGGDWLCEQDVVDYFVHHCPTEMTQLELWGCPWSRRPDGSVNVRRFGGMKIERTWFAADKTGFHMLHTLFQTSLQFPQIQRFDEHFVLDILVDDGHVRGLVAMNMMEGTLVQIRANAVVMATGGAGRVYRYNTNGGIVTGDGMGMALSHGVPLRDMEFVQYHPTGLPGSGILMTEGCRGEGGILVNKNGYRYLQDYGMGPETPLGEPKNKYMELGPRDKVSQAFWHEWRKGNTISTPRGDVVYLDLRHLGEKKLHERLPFICELAKAYVGVDPVKEPIPVRPTAHYTMGGIETDQNCETRIKGLFAVGECSSVGLHGANRLGSNSLAELVVFGRLAGEQATERAATAGNGNEAAIEAQAAGVEQRLKDLVNQDGGENWAKIRDEMGLAMEEGCGIYRTPELMQKTIDKLAELQERFKRVRITDTSSVFNTDLLYTIELGHGLNVAECMAHSAMARKESRGAHQRLDEGCTERDDVNFLKHTLAFRDADGTTRLEYSDVKITTLPPAKRVYGGEADAADKAEAANKKEKANG,GLFAVGEC[Carbamidomethyl (C)]SSVGLHGANR,C381,C,381,Carbamidomethyl (C),96.8145752,,74.5688858
6539,P00509,KAEQYLLENETTK,51,63,396,MFENITAAPADPILGLADLFRADERPGKINLGIGVYKDETGKTPVLTSVKKAEQYLLENETTKNYLGIDGIPEFGRCTQELLFGKGSALINDKRARTAQTPGGTGALRVAADFLAKNTSVKRVWVSNPSWPNHKSVFNSAGLEVREYAYYDAENHTLDFDALINSLNEAQAGDVVLFHGCCHNPTGIDPTLEQWQTLAQLSVEKGWLPLFDFAYQGFARGLEEDAEGLRAFAAMHKELIVASSYSKNFGLYNERVGACTLVAADSETVDRAFSQMKAAIRANYSNPPAHGASVVATILSNDALRAIWEQELTDMRQRIQRMRQLFVNTLQEKGANRDFSFIIKQNGMFSFSGLTKEQVLRLREEFGVYAVASGRVNVAGMTPDNMAPLCEAIVAVL,K[NHS-OH]AEQYLLENETTK,K51,K,51,NHS-OH,25.76902771,42.88439178,95.34529114
6540,P00509,CTQELLFGK,77,85,396,MFENITAAPADPILGLADLFRADERPGKINLGIGVYKDETGKTPVLTSVKKAEQYLLENETTKNYLGIDGIPEFGRCTQELLFGKGSALINDKRARTAQTPGGTGALRVAADFLAKNTSVKRVWVSNPSWPNHKSVFNSAGLEVREYAYYDAENHTLDFDALINSLNEAQAGDVVLFHGCCHNPTGIDPTLEQWQTLAQLSVEKGWLPLFDFAYQGFARGLEEDAEGLRAFAAMHKELIVASSYSKNFGLYNERVGACTLVAADSETVDRAFSQMKAAIRANYSNPPAHGASVVATILSNDALRAIWEQELTDMRQRIQRMRQLFVNTLQEKGANRDFSFIIKQNGMFSFSGLTKEQVLRLREEFGVYAVASGRVNVAGMTPDNMAPLCEAIVAVL,C[Carbamidomethyl (C)]TQELLFGK,C77,C,77,Carbamidomethyl (C),27.14654732,15.48585415,37.13428497
6541,P00561,YVGNIDEDGVCR,745,756,820,MRVLKFGGTSVANAERFLRVADILESNARQGQVATVLSAPAKITNHLVAMIEKTISGQDALPNISDAERIFAELLTGLAAAQPGFPLAQLKTFVDQEFAQIKHVLHGISLLGQCPDSINAALICRGEKMSIAIMAGVLEARGHNVTVIDPVEKLLAVGHYLESTVDIAESTRRIAASRIPADHMVLMAGFTAGNEKGELVVLGRNGSDYSAAVLAACLRADCCEIWTDVDGVYTCDPRQVPDARLLKSMSYQEAMELSYFGAKVLHPRTITPIAQFQIPCLIKNTGNPQAPGTLIGASRDEDELPVKGISNLNNMAMFSVSGPGMKGMVGMAARVFAAMSRARISVVLITQSSSEYSISFCVPQSDCVRAERAMQEEFYLELKEGLLEPLAVTERLAIISVVGDGMRTLRGISAKFFAALARANINIVAIAQGSSERSISVVVNNDDATTGVRVTHQMLFNTDQVIEVFVIGVGGVGGALLEQLKRQQSWLKNKHIDLRVCGVANSKALLTNVHGLNLENWQEELAQAKEPFNLGRLIRLVKEYHLLNPVIVDCTSSQAVADQYADFLREGFHVVTPNKKANTSSMDYYHQLRYAAEKSRRKFLYDTNVGAGLPVIENLQNLLNAGDELMKFSGILSGSLSYIFGKLDEGMSFSEATTLAREMGYTEPDPRDDLSGMDVARKLLILARETGRELELADIEIEPVLPAEFNAEGDVAAFMANLSQLDDLFAARVAKARDEGKVLRYVGNIDEDGVCRVKIAEVDGNDPLFKVKNGENALAFYSHYYQPLPLVLRGYGAGNDVTAAGVFADLLRTLSWKLGV,YVGNIDEDGVC[Carbamidomethyl (C)]R,C755,C,755,Carbamidomethyl (C),9.484848976,17.11315918,43.95906448
6542,P00579,MEQNPQSQLK,1,10,613,MEQNPQSQLKLLVTRGKEQGYLTYAEVNDHLPEDIVDSDQIEDIIQMINDMGIQVMEEAPDADDLMLAENTADEDAAEAAAQVLSSVESEIGRTTDPVRMYMREMGTVELLTREGEIDIAKRIEDGINQVQCSVAEYPEAITYLLEQYDRVEAEEARLSDLITGFVDPNAEEDLAPTATHVGSELSQEDLDDDEDEDEEDGDDDSADDDNSIDPELAREKFAELRAQYVVTRDTIKAKGRSHATAQEEILKLSEVFKQFRLVPKQFDYLVNSMRVMMDRVRTQERLIMKLCVEQCKMPKKNFITLFTGNETSDTWFNAAIAMNKPWSEKLHDVSEEVHRALQKLQQIEEETGLTIEQVKDINRRMSIGEAKARRAKKEMVEANLRLVISIAKKYTNRGLQFLDLIQEGNIGLMKAVDKFEYRRGYKFSTYATWWIRQAITRSIADQARTIRIPVHMIETINKLNRISRQMLQEMGREPTPEELAERMLMPEDKIRKVLKIAKEPISMETPIGDDEDSHLGDFIEDTTLELPLDSATTESLRAATHDVLAGLTAREAKVLRMRFGIDMNTDYTLEEVGKQFDVTRERIRQIEAKALRKLRHPSRSEVLRSFLDD,M[Oxidation (M)]EQNPQSQLK,M1,M,1,Oxidation (M),150.2380371,98.40304565,25.1072197
6543,P00579,MEQNPQSQLKLLVTR,1,15,613,MEQNPQSQLKLLVTRGKEQGYLTYAEVNDHLPEDIVDSDQIEDIIQMINDMGIQVMEEAPDADDLMLAENTADEDAAEAAAQVLSSVESEIGRTTDPVRMYMREMGTVELLTREGEIDIAKRIEDGINQVQCSVAEYPEAITYLLEQYDRVEAEEARLSDLITGFVDPNAEEDLAPTATHVGSELSQEDLDDDEDEDEEDGDDDSADDDNSIDPELAREKFAELRAQYVVTRDTIKAKGRSHATAQEEILKLSEVFKQFRLVPKQFDYLVNSMRVMMDRVRTQERLIMKLCVEQCKMPKKNFITLFTGNETSDTWFNAAIAMNKPWSEKLHDVSEEVHRALQKLQQIEEETGLTIEQVKDINRRMSIGEAKARRAKKEMVEANLRLVISIAKKYTNRGLQFLDLIQEGNIGLMKAVDKFEYRRGYKFSTYATWWIRQAITRSIADQARTIRIPVHMIETINKLNRISRQMLQEMGREPTPEELAERMLMPEDKIRKVLKIAKEPISMETPIGDDEDSHLGDFIEDTTLELPLDSATTESLRAATHDVLAGLTAREAKVLRMRFGIDMNTDYTLEEVGKQFDVTRERIRQIEAKALRKLRHPSRSEVLRSFLDD,MEQNPQSQLK[NHS-OH]LLVTR,K10,K,10,NHS-OH,14.07806587,30.46525574,22.21318626
